[{
  "_id": {
    "$oid": "60ae5ba1617551d01483e5d9"
  },
  "Text": "@izzynobre Excuse me, I only sell Doge!",
  "Date": {
    "$date": "2020-07-18T01:53:00Z"
  },
  "Day": {
    "$date": "2020-07-18T00:00:00Z"
  }
},{
  "_id": {
    "$oid": "60ae5ba1617551d01483e5da"
  },
  "Text": "@ReflexFunds @nickidk4 @pcgamer Dojo/Doge",
  "Date": {
    "$date": "2020-11-17T18:45:00Z"
  },
  "Day": {
    "$date": "2020-11-17T00:00:00Z"
  }
},{
  "_id": {
    "$oid": "60ae5ba1617551d01483e5db"
  },
  "Text": "One word: Doge",
  "Date": {
    "$date": "2020-12-20T09:30:00Z"
  },
  "Day": {
    "$date": "2020-12-20T00:00:00Z"
  }
},{
  "_id": {
    "$oid": "60ae5ba1617551d01483e5dc"
  },
  "Text": "Doge",
  "Date": {
    "$date": "2021-02-04T07:35:00Z"
  },
  "Day": {
    "$date": "2021-02-04T00:00:00Z"
  }
},{
  "_id": {
    "$oid": "60ae5ba1617551d01483e5dd"
  },
  "Text": "Dogecoin is the people's crypto",
  "Date": {
    "$date": "2021-02-04T08:15:00Z"
  },
  "Day": {
    "$date": "2021-02-04T00:00:00Z"
  }
},{
  "_id": {
    "$oid": "60ae5ba1617551d01483e5de"
  },
  "Text": "No highs, no lows, only Doge",
  "Date": {
    "$date": "2021-02-04T08:27:00Z"
  },
  "Day": {
    "$date": "2021-02-04T00:00:00Z"
  }
},{
  "_id": {
    "$oid": "60ae5ba1617551d01483e5df"
  },
  "Text": "@Grimezsz Dogecake",
  "Date": {
    "$date": "2021-02-06T08:42:00Z"
  },
  "Day": {
    "$date": "2021-02-06T00:00:00Z"
  }
},{
  "_id": {
    "$oid": "60ae5ba1617551d01483e5e0"
  },
  "Text": "@Dogecoinrich ",
  "Date": {
    "$date": "2021-02-07T02:24:00Z"
  },
  "Day": {
    "$date": "2021-02-07T00:00:00Z"
  }
},{
  "_id": {
    "$oid": "60ae5ba1617551d01483e5e1"
  },
  "Text": "@Jbuttermost @Dogecoinrich ",
  "Date": {
    "$date": "2021-02-07T02:36:00Z"
  },
  "Day": {
    "$date": "2021-02-07T00:00:00Z"
  }
},{
  "_id": {
    "$oid": "60ae5ba1617551d01483e5e2"
  },
  "Text": " Who let the Doge out ",
  "Date": {
    "$date": "2021-02-07T22:25:00Z"
  },
  "Day": {
    "$date": "2021-02-07T00:00:00Z"
  }
},{
  "_id": {
    "$oid": "60ae5ba1617551d01483e5e3"
  },
  "Text": "D is for Dogecoin! Instructional video. https://t.co/UEEocOfcTb",
  "Date": {
    "$date": "2021-02-08T01:13:00Z"
  },
  "Day": {
    "$date": "2021-02-08T00:00:00Z"
  }
},{
  "_id": {
    "$oid": "60ae5ba1617551d01483e5e4"
  },
  "Text": "@itsALLrisky Doge appears to be inflationary, but is not meaningfully so (fixed # of coins per unit time), whereas BTC is arguably deflationary to a fault.  Transaction speed of Doge should ideally be a few orders of magnitude faster.",
  "Date": {
    "$date": "2021-02-08T05:27:00Z"
  },
  "Day": {
    "$date": "2021-02-08T00:00:00Z"
  }
},{
  "_id": {
    "$oid": "60ae5ba1617551d01483e5e5"
  },
  "Text": "Bought some Dogecoin for lil X, so he can be a toddler hodler",
  "Date": {
    "$date": "2021-02-10T15:08:00Z"
  },
  "Day": {
    "$date": "2021-02-10T00:00:00Z"
  }
},{
  "_id": {
    "$oid": "60ae5ba1617551d01483e5e6"
  },
  "Text": "Frodo was the underdoge, All thought he would fail, Himself most of all. https://t.co/zGxJFDzzrM",
  "Date": {
    "$date": "2021-02-11T09:08:00Z"
  },
  "Day": {
    "$date": "2021-02-11T00:00:00Z"
  }
},{
  "_id": {
    "$oid": "60ae5ba1617551d01483e5e7"
  },
  "Text": "@gtera27 Doge is underestimated",
  "Date": {
    "$date": "2021-02-11T23:27:00Z"
  },
  "Day": {
    "$date": "2021-02-11T00:00:00Z"
  }
},{
  "_id": {
    "$oid": "60ae5ba1617551d01483e5e8"
  },
  "Text": "If major Dogecoin holders sell most of their coins, it will get my full support. Too much concentration is the only real issue imo.",
  "Date": {
    "$date": "2021-02-14T23:25:00Z"
  },
  "Day": {
    "$date": "2021-02-14T00:00:00Z"
  }
},{
  "_id": {
    "$oid": "60ae5ba1617551d01483e5e9"
  },
  "Text": "@RationalEtienne An acceptable percentage. Doge is much more concentrated.",
  "Date": {
    "$date": "2021-02-14T23:33:00Z"
  },
  "Day": {
    "$date": "2021-02-14T00:00:00Z"
  }
},{
  "_id": {
    "$oid": "60ae5ba1617551d01483e5ea"
  },
  "Text": "@dogecoin I just set up some little Doge mining rigs with my kids. It was fun.",
  "Date": {
    "$date": "2021-02-20T08:42:00Z"
  },
  "Day": {
    "$date": "2021-02-20T00:00:00Z"
  }
},{
  "_id": {
    "$oid": "60ae5ba1617551d01483e5eb"
  },
  "Text": "@PPathole @dogecoin Just some used Antminer L3+ rigs bought off eBay. Not really economic, but it was a fun family project.",
  "Date": {
    "$date": "2021-02-20T10:06:00Z"
  },
  "Day": {
    "$date": "2021-02-20T00:00:00Z"
  }
},{
  "_id": {
    "$oid": "60ae5ba1617551d01483e5ec"
  },
  "Text": "Dojo 4 Doge",
  "Date": {
    "$date": "2021-02-21T21:27:00Z"
  },
  "Day": {
    "$date": "2021-02-21T00:00:00Z"
  }
},{
  "_id": {
    "$oid": "60ae5ba1617551d01483e5ed"
  },
  "Text": "Doge meme shield (legendary item) https://t.co/CeomU9q84c",
  "Date": {
    "$date": "2021-03-01T19:57:00Z"
  },
  "Day": {
    "$date": "2021-03-01T00:00:00Z"
  }
},{
  "_id": {
    "$oid": "60ae5ba1617551d01483e5ee"
  },
  "Text": "@draecomino 2022: Dogecoin is dumb",
  "Date": {
    "$date": "2021-03-02T08:36:00Z"
  },
  "Day": {
    "$date": "2021-03-02T00:00:00Z"
  }
},{
  "_id": {
    "$oid": "60ae5ba1617551d01483e5ef"
  },
  "Text": "@WootiezTV Very much so &amp; its leader shall be The Doge  https://t.co/VXmuW5c0y9",
  "Date": {
    "$date": "2021-03-02T21:07:00Z"
  },
  "Day": {
    "$date": "2021-03-02T00:00:00Z"
  }
},{
  "_id": {
    "$oid": "60ae5ba1617551d01483e5f0"
  },
  "Text": "Doge spelled backwards is Egod",
  "Date": {
    "$date": "2021-03-06T04:40:00Z"
  },
  "Day": {
    "$date": "2021-03-06T00:00:00Z"
  }
},{
  "_id": {
    "$oid": "60ae5ba1617551d01483e5f1"
  },
  "Text": "Doge day afternoon",
  "Date": {
    "$date": "2021-03-13T23:40:00Z"
  },
  "Day": {
    "$date": "2021-03-13T00:00:00Z"
  }
},{
  "_id": {
    "$oid": "60ae5ba1617551d01483e5f2"
  },
  "Text": "Origin of Doge Day Afternoon: The ancient Romans sacrificed a Dogecoin at the beginning of the Doge Days to appease the rage of Sirius, believing that the star was the cause of the hot, sultry weather.",
  "Date": {
    "$date": "2021-03-13T23:46:00Z"
  },
  "Day": {
    "$date": "2021-03-13T00:00:00Z"
  }
},{
  "_id": {
    "$oid": "60ae5ba1617551d01483e5f3"
  },
  "Text": "Why are you so dogematic, they ask",
  "Date": {
    "$date": "2021-03-13T23:51:00Z"
  },
  "Day": {
    "$date": "2021-03-13T00:00:00Z"
  }
},{
  "_id": {
    "$oid": "60ae5ba1617551d01483e5f4"
  },
  "Text": "@beeple 420M Doge",
  "Date": {
    "$date": "2021-03-15T23:11:00Z"
  },
  "Day": {
    "$date": "2021-03-15T00:00:00Z"
  }
},{
  "_id": {
    "$oid": "60ae5ba1617551d01483e5f5"
  },
  "Text": "@lexfridman Sometimes it's about Doge",
  "Date": {
    "$date": "2021-03-18T21:17:00Z"
  },
  "Day": {
    "$date": "2021-03-18T00:00:00Z"
  }
},{
  "_id": {
    "$oid": "60ae5ba1617551d01483e5f6"
  },
  "Text": "@dogecoinww @MattWallace888 @CorinnaKopf You raise a good point haha",
  "Date": {
    "$date": "2021-03-25T07:33:00Z"
  },
  "Day": {
    "$date": "2021-03-25T00:00:00Z"
  }
},{
  "_id": {
    "$oid": "60ae5ba1617551d01483e5f7"
  },
  "Text": "SpaceX is going to put a literal Dogecoin on the literal moon",
  "Date": {
    "$date": "2021-04-01T11:25:00Z"
  },
  "Day": {
    "$date": "2021-04-01T00:00:00Z"
  }
},{
  "_id": {
    "$oid": "60ae5ba1617551d01483e5f8"
  },
  "Text": "@dogeofficialceo @WatchersTank @SpaceX Looking at pups soon!",
  "Date": {
    "$date": "2021-04-08T21:45:00Z"
  },
  "Day": {
    "$date": "2021-04-08T00:00:00Z"
  }
},{
  "_id": {
    "$oid": "60ae5ba1617551d01483e5f9"
  },
  "Text": "@dogeofficialceo @F9Block5 ",
  "Date": {
    "$date": "2021-04-14T23:19:00Z"
  },
  "Day": {
    "$date": "2021-04-14T00:00:00Z"
  }
},{
  "_id": {
    "$oid": "60ae5ba1617551d01483e5fa"
  },
  "Text": "@AstroJordy @dogeofficialceo @F9Block5 Insanely cute!",
  "Date": {
    "$date": "2021-04-14T23:32:00Z"
  },
  "Day": {
    "$date": "2021-04-14T00:00:00Z"
  }
},{
  "_id": {
    "$oid": "60ae5ba1617551d01483e5fb"
  },
  "Text": "@WSBChairman Doge Barking at the Moon - Miro https://t.co/1vTM2XOusy",
  "Date": {
    "$date": "2021-04-15T05:28:00Z"
  },
  "Day": {
    "$date": "2021-04-15T00:00:00Z"
  }
},{
  "_id": {
    "$oid": "60ae5ba1617551d01483e5fc"
  },
  "Text": "Doge Barking at the Moon https://t.co/QFB81D7zOL",
  "Date": {
    "$date": "2021-04-15T05:33:00Z"
  },
  "Day": {
    "$date": "2021-04-15T00:00:00Z"
  }
},{
  "_id": {
    "$oid": "60ae5ba1617551d01483e5fd"
  },
  "Text": "@sadiaslayy @DogecoinBets ",
  "Date": {
    "$date": "2021-04-15T22:10:00Z"
  },
  "Day": {
    "$date": "2021-04-15T00:00:00Z"
  }
},{
  "_id": {
    "$oid": "60ae5ba1617551d01483e5fe"
  },
  "Text": "The Dogefather SNL May 8",
  "Date": {
    "$date": "2021-04-28T07:20:00Z"
  },
  "Day": {
    "$date": "2021-04-28T00:00:00Z"
  }
},{
  "_id": {
    "$oid": "60ae5ba1617551d01483e5ff"
  },
  "Text": "SpaceX launching satellite Doge-1 to the moon next year  - Mission paid for in Doge - 1st crypto in space - 1st meme in space  To the mooooonnn!!  https://t.co/xXfjGZVeUW",
  "Date": {
    "$date": "2021-05-09T23:41:00Z"
  },
  "Day": {
    "$date": "2021-05-09T00:00:00Z"
  }
},{
  "_id": {
    "$oid": "60ae5ba1617551d01483e600"
  },
  "Text": "Do you want Tesla to accept Doge?",
  "Date": {
    "$date": "2021-05-11T09:13:00Z"
  },
  "Day": {
    "$date": "2021-05-11T00:00:00Z"
  }
},{
  "_id": {
    "$oid": "60ae5ba1617551d01483e601"
  },
  "Text": "Working with Doge devs to improve system transaction efficiency. Potentially promising.",
  "Date": {
    "$date": "2021-05-13T23:45:00Z"
  },
  "Day": {
    "$date": "2021-05-13T00:00:00Z"
  }
},{
  "_id": {
    "$oid": "60ae5ba1617551d01483e602"
  },
  "Text": "@long_elon @itsALLrisky Only if Doge can't do it. Big pain in the neck to create another one.",
  "Date": {
    "$date": "2021-05-16T03:03:00Z"
  },
  "Day": {
    "$date": "2021-05-16T00:00:00Z"
  }
},{
  "_id": {
    "$oid": "60ae5ba1617551d01483e603"
  },
  "Text": "How much is that Doge in the window? https://t.co/bxTkWOr50V",
  "Date": {
    "$date": "2021-05-20T11:41:00Z"
  },
  "Day": {
    "$date": "2021-05-20T00:00:00Z"
  }
},{
  "_id": {
    "$oid": "60ae5ba1617551d01483e604"
  },
  "Text": "@DogecoinRise @TeslaGong Es wurde mir in deutschland gegeben",
  "Date": {
    "$date": "2021-05-20T14:13:00Z"
  },
  "Day": {
    "$date": "2021-05-20T00:00:00Z"
  }
},{
  "_id": {
    "$oid": "60ae5ba1617551d01483e605"
  },
  "Text": "@xSharknado @DogecoinRise @TeslaGong ",
  "Date": {
    "$date": "2021-05-20T14:14:00Z"
  },
  "Day": {
    "$date": "2021-05-20T00:00:00Z"
  }
},{
  "_id": {
    "$oid": "60ae5ba1617551d01483e606"
  },
  "Text": "@thatdogegirl @WhatsupFranks @TeslaGong Worth reading",
  "Date": {
    "$date": "2021-05-20T14:57:00Z"
  },
  "Day": {
    "$date": "2021-05-20T00:00:00Z"
  }
},{
  "_id": {
    "$oid": "60ae5ba1617551d01483e607"
  },
  "Text": "@heydave7 A longtime Tesla supporter gave me the Doge dollar sticker at Giga Berlin",
  "Date": {
    "$date": "2021-05-20T18:53:00Z"
  },
  "Day": {
    "$date": "2021-05-20T00:00:00Z"
  }
},{
  "_id": {
    "$oid": "60ae5ba1617551d01483e608"
  },
  "Text": "@heydave7 Yeah, I haven't &amp; won't sell any Doge",
  "Date": {
    "$date": "2021-05-20T18:56:00Z"
  },
  "Day": {
    "$date": "2021-05-20T00:00:00Z"
  }
},{
  "_id": {
    "$oid": "60ae5ba1617551d01483e609"
  },
  "Text": "If you'd like to help develop Doge, please submit ideas on GitHub &amp; https://t.co/liAPQMFaQB @dogecoin_devs",
  "Date": {
    "$date": "2021-05-24T20:49:00Z"
  },
  "Day": {
    "$date": "2021-05-24T00:00:00Z"
  }
},{
  "_id": {
    "$oid": "60ae5ba1617551d01483e60a"
  },
  "Text": "Someone suggested changing Dogecoin fees based on phases of the moon, which is pretty awesome haha",
  "Date": {
    "$date": "2021-05-24T21:29:00Z"
  },
  "Day": {
    "$date": "2021-05-24T00:00:00Z"
  }
},{
  "_id": {
    "$oid": "60ae5ba1617551d01483e60b"
  },
  "Text": "@heydave7 @dogecoin_devs Doge has dogs &amp; memes, whereas the others do not",
  "Date": {
    "$date": "2021-05-25T06:37:00Z"
  },
  "Day": {
    "$date": "2021-05-25T00:00:00Z"
  }
}]